{"cameraMode":{"drawMode":0,"name":"Shaded","section":"Shading Mode"},"sceneLighting":true,"audioPlay":false,"sceneViewState":{"m_AlwaysRefresh":false,"showFog":true,"showSkybox":true,"showFlares":true,"showImageEffects":true,"showParticleSystems":true,"showVisualEffectGraphs":true,"m_FxEnabled":true},"in2DMode":false,"pivot":{"x":0.022504055872559549,"y":12.85937213897705,"z":-11.010162353515625},"rotation":{"x":0.16898365318775178,"y":-0.6689387559890747,"z":0.16007719933986665,"w":0.706085741519928},"size":2.170487403869629,"orthographic":false}