{"cameraMode":{"drawMode":0,"name":"Shaded","section":"Shading Mode"},"sceneLighting":true,"audioPlay":false,"sceneViewState":{"m_AlwaysRefresh":false,"showFog":true,"showSkybox":true,"showFlares":true,"showImageEffects":true,"showParticleSystems":true,"showVisualEffectGraphs":true,"m_FxEnabled":true},"in2DMode":false,"pivot":{"x":1.1825908422470093,"y":-7.982089996337891,"z":-13.948147773742676},"rotation":{"x":-0.22892411053180695,"y":-0.17555931210517884,"z":0.04200392961502075,"w":-0.9565690755844116},"size":12.12435531616211,"orthographic":false}