{"cameraMode":{"drawMode":0,"name":"Shaded","section":"Shading Mode"},"sceneLighting":true,"audioPlay":false,"sceneViewState":{"m_AlwaysRefresh":false,"showFog":true,"showSkybox":true,"showFlares":true,"showImageEffects":true,"showParticleSystems":true,"showVisualEffectGraphs":true,"m_FxEnabled":true},"in2DMode":false,"pivot":{"x":-23.089963912963868,"y":0.4193826913833618,"z":-28.881074905395509},"rotation":{"x":-0.08526276051998139,"y":0.8335922956466675,"z":-0.13447259366512299,"w":-0.529050886631012},"size":21.654325485229493,"orthographic":false}