{"cameraMode":{"drawMode":0,"name":"Shaded","section":"Shading Mode"},"sceneLighting":true,"audioPlay":false,"sceneViewState":{"m_AlwaysRefresh":false,"showFog":true,"showSkybox":true,"showFlares":true,"showImageEffects":true,"showParticleSystems":true,"showVisualEffectGraphs":true,"m_FxEnabled":true},"in2DMode":false,"pivot":{"x":-12.642130851745606,"y":14.00708293914795,"z":40.10691833496094},"rotation":{"x":0.24556173384189607,"y":0.004653706215322018,"z":-0.001180846942588687,"w":0.969376802444458},"size":9.368162155151368,"orthographic":false}